id,display_name,barcode,price,brand,category
11551,555 Sardines in Tomato Sauce with Chili Can - 155g,7.48485E+11,15.26,555,Canned Seafood
11552,555 Sardines in Tomato Sauce Can - 155g,7.48485E+11,15.47,555,Canned Seafood
11553,555 Tuna Adobo Can - 155g,7.48486E+11,21.4,555,Canned Seafood
11554,555 Tuna Afritada Can - 155g,7.48486E+11,21.13,555,Canned Seafood
11555,555 Tuna Caldereta Can - 155g,7.48486E+11,21.72,555,Canned Seafood
11556,555 Tuna Flakes Oil Can - 155g,7.48486E+11,24.09,555,Canned Seafood
11557,555 Tuna Hot and Spicy Can - 155g,7.48486E+11,23.95,555,Canned Seafood
11558,555 Tuna Mechado Can - 155g,7.48486E+11,21.89,555,Canned Seafood
11559,Absolute Distilled Water Bottle - 6000ml,4.80001E+12,71.45,Absolute,Water
11561,Ajinomoto Crispy Fry Original Sachet - 30g,4.80196E+12,7.49,Ajinomoto,Seasonings and Mixes
11562,Ajinomoto Crispy Fry Original Sachet - 62g,4.80196E+12,11.45,Ajinomoto,Seasonings and Mixes
11564,Alaska Condensada Can - 168ml,4.80058E+12,24.89,Alaska,Milk
11565,Alaska Condensada Can - 300ml,4.80058E+12,39.19,Alaska,Milk
11566,Alaska Evaporada Can - 140ml,4.80058E+12,9.56,Alaska,Milk
11567,Alaska Evaporada Can - 370ml,4.80058E+12,23.28,Alaska,Milk
11568,Alaska Fortified Powdered Milk Drink Pouch - 165g,4.80058E+12,39.4,Alaska,Milk
11569,Alaska Fortified Powdered Milk Drink Tie - 6x33g,4.80058E+12,42.1,Alaska,Milk
11570,Alaska Fortified Powdered Milk Drink Pouch - 330g,4.80058E+12,75.33,Alaska,Milk
11571,Alaska Sweetened Condensed Filled Milk Can - 300ml,4.80058E+12,52.06,Alaska,Milk
11572,Angel Evaporada Liquid Creamer Can - 410ml,7.48485E+11,18.99,Angel,Milk
11573,Argentina Beef Loaf Can - 150g,7.48486E+11,15.34,Argentina,Packed Meat
11574,Argentina Corned Beef Can - 100g,7.48486E+11,20.38,Argentina,Packed Meat
11575,Argentina Corned Beef Can - 150g,7.48486E+11,29.04,Argentina,Packed Meat
11576,Argentina Corned Beef Can - 175g,7.48486E+11,33.5,Argentina,Packed Meat
11577,Argentina Corned Beef Can - 260g,7.48486E+11,49.23,Argentina,Packed Meat
11579,Argentina Meatloaf Can - 150g,7.48486E+11,16.49,Argentina,Packed Meat
11580,Argentina Meatloaf Can - 170g,7.48486E+11,17.68,Argentina,Packed Meat
11581,Argentina Meatloaf Can - 250g,7.48486E+11,26.91,Argentina,Packed Meat
11582,Ariel Detergent Powder Downy Parfum Tie - 6x66g,4.90243E+12,60.67,Ariel,Laundry Products
11583,Ariel Detergent Powder Sunrise Fresh Tie- 6x70g,4.90243E+12,60.8,Ariel,Laundry Products
11584,Baygon Mosquito Coil Scented -12Sx150g Pack,4.80123E+12,14.75,Baygon,Cleaning Products
11585,Bear Brand Milk Powdered Choco Swak Pack - 29g,4.80036E+12,7.44,Bear Brand,Milk
11586,Bear Brand Milk Powdered Iron Sakto sa 3 Baso Pack - 99g,4.80036E+12,31.11,Bear Brand,Milk
11587,Bear Brand Milk Powdered Iron Pack - 150g,4.80036E+12,47.24,Bear Brand,Milk
11588,Bear Brand Milk Powdered Iron Pack - 320g,4.80036E+12,99.91,Bear Brand,Milk
11589,Bear Brand Milk Powdered Iron Tie - 8x33g,4.80036E+12,66.54,Bear Brand,Milk
11592,Bear Brand Sterilized Milk Liquid Pack - 200ml,4.80036E+12,21.01,Bear Brand,Milk
11593,Big 250 Apple Juice Tetra Pack - 250ml,4.80489E+12,6.73,Big 250,RTD
11594,Big 250 Grape Juice Tetra Pack - 250ml,4.80489E+12,6.25,Big 250,RTD
11595,Big 250 Mango Juice Tetra Pack - 250ml,4.80489E+12,6.74,Big 250,RTD
11596,Big 250 Orange Juice Tetra Pack - 250ml,4.80489E+12,6.58,Big 250,RTD
11597,Big 250 Pineapple Juice Tetra Pack - 250ml,4.80489E+12,6.32,Big 250,RTD
11598,Bonakid Milk Supplement 1-3 Years Old Pack - 180g,4.80015E+12,91.57,Bonakid,Milk
11600,Bonakid Milk Supplement 6-12 Months Pack - 180g,4.80015E+12,93.69,Bonamil,Milk
11602,Bonna Infant Formula 0-6 Months Pack - 180g,4.80015E+12,93.93,Bonna Infant,Milk
11603,Breeze Liquid Detergent Stain-Action Bula Tie - 6x64ml,8.93487E+12,58.69,Breeze,Laundry Products
11604,Breeze Powder Rose Gold Tie - 6x66g,4.80089E+12,59.37,Breeze,Laundry Products
11605,Breeze Powder ActivBleach Tie - 6x70g,4.80089E+12,59.78,Breeze,Laundry Products
11606,Butter Cream Crackers Pack - 10x25g,4.80012E+12,46.74,Butter Cream,Bread and Biscuits
11607,C2 Green Tea Apple Bottle - 1L,4.80002E+12,36.95,C2,RTD
11608,C2 Green Tea Apple Bottle - 355ml,4.80002E+12,16.1,C2,RTD
11609,C2 Grean Tea Apple Bottle - 500ml,4.80002E+12,23.62,C2,RTD
11610,C2 Green Tea Apple Solo Box - 24x230ml,1.48E+13,234,C2,RTD
11611,C2 Green Tea Lemon Bottle - 1L,4.80002E+12,36.22,C2,RTD
11612,C2 Green Tea Lemon Bottle - 355ml,4.80002E+12,16.42,C2,RTD
11613,C2 Green Tea Lemon Bottle - 500ml,4.80002E+12,23.64,C2,RTD
11614,C2 Green Tea Lemon Solo Box - 24x230ml,1.48E+13,233.89,C2,RTD
11615,Calla Detergent Powder Fabcon Rose Garden Tie - 6x100g,4.8065E+12,59.14,Calla,Laundry Products
11616,Calla Detergent Powder Tie - 6x100g,4.8065E+12,58.83,Calla,Laundry Products
11617,CDO Karne Norte Can - 100g,4.80025E+12,15.87,CDO,Packed Meat
11618,CDO Karne Norte Can - 150g,4.80025E+12,24.33,CDO,Packed Meat
11619,CDO Karne Norte Can - 175g,4.80025E+12,27.74,CDO,Packed Meat
11620,CDO Karne Norte Pack - 260g,4.80025E+12,41.09,CDO,Packed Meat
11621,Century Tuna Flakes Hot & Spicy Easy Open Can - 155g,7.48485E+11,28.5,Century,Canned Seafood
11622,Century Tuna Flakes Hot & Spicy Easy Open Can - 180g,7.48485E+11,34.98,Century,Canned Seafood
11623,Century Tuna Flakes Oil Easy Open Can - 155g,7.48485E+11,27.81,Century,Canned Seafood
11624,Century Tuna Flakes Oil Easy Open Can - 180g,7.48485E+11,34.9,Century,Canned Seafood
11625,Champion Detergent Powder Regular Supra Clean Sachet - 6x120g,4.8065E+12,78.73,Champion,Laundry Products
11626,Champion Detergent Powder Regular Supra Clean Sachet - 6x40g,4.8065E+12,27.03,Champion,Laundry Products
11627,Champion Detergent Powder With Fabric Conditioner Tie - 6x120g,4.8065E+12,78.74,Champion,Laundry Products
11628,Champion Detergent Regular Supra Clean Bar - 145g,4.8065E+12,6.93,Champion,Laundry Products
11629,Champion Fabric Conditioner Infinity Sachet - 28ml,4.8065E+12,22.98,Champion,Laundry Products
11630,Champion Todo Tipid Bar and Powder Pack Sachet - 145 + 40g,4.8065E+12,9.62,Champion,Laundry Products
11631,Cheese Ring Snack Pack - 20g,7.29461E+11,4.97,Cheese Ring,Chips
11632,Cheese Ring Snack Pack - 60g,4.80169E+12,12.85,Cheese Ring,Chips
11633,Cheez-It Snack Cheese Pack - 25g,4.80052E+12,4.03,Cheez It,Chips
11634,Champion Detergent Reg Supra Clean Bar - 390g,4.8065E+12,18.28,Champion,Laundry Products
11635,Choco Mucho Cookies & Cream Bar Pack - 30g,4.80009E+12,4.52,Choco Mucho,Candies and Chocolates
11636,Chokochoko Chocostix Ref Pack - 50pcs,4.80017E+12,42.12,Choko Choko,Candies and Chocolates
11637,Close Up Toothpaste Red Hot Twin Pack Tie - 6x20ml,4.80089E+12,35.03,Close Up,Oral Care
11638,Cloud 9 Classic 1's - 28g,4.80001E+12,4.86,Cloud 9,Candies and Chocolates
11639,Clover Chips Cheese Pack - 22g,4.80022E+12,4.1,Clover Chips,Chips
11640,Clover Chips Cheese Pack - 55g,4.80022E+12,14.94,Clover Chips,Chips
11641,Coffeemate Creamer Sachet - 80g,8.85012E+12,16.17,Coffeemate,Coffee
11642,Coke Mismo Case - 12x300ml,4.80198E+12,132.11,Coke,Softdrinks
11643,Coke Regular Bottle - 1.5L,4.80198E+12,54.17,Coke,Softdrinks
11644,Col. Vfresh Gum Wintercool Pack - 50pcs,4.80082E+12,27.34,Vfresh,Candies and Chocolates
11645,Colgate Toothpaste Fresh Confidence Kool Menthol Tie - 6x22g,8.85001E+12,37.22,Colgate,Oral Care
11646,Colgate Toothpaste Regular Flavor Tie - 6x24g,8.85001E+12,37.78,Colgate,Oral Care
11647,Columbia Frutos Candy Soft Chewy Pack - 160gx50pcs,4.80082E+12,25.65,Frutos,Candies and Chocolates
11648,Columbia Potchi Candy Straw Pack - 135gx50pcs,4.80082E+12,26.05,Potchi,Candies and Chocolates
11649,Cow Bell Condensada Can - 300ml,4.80058E+12,27.26,Cow Bell,Milk
11650,Cream-O Choco Fudge Polybag - 10x33g,4.80001E+12,56.6,Cream O,Bread and Biscuits
11651,Cream-O Vanilla Polybag - 10x33g,4.80001E+12,56.26,Cream O,Bread and Biscuits
11652,Creamsilk Conditioner Damage Control Tie - 6x11ml,4.80089E+12,29.94,Cream Silk,Hair Care
11653,Creamsilk Conditioner Hairfall Defense Strength Boost Tie - 6x11ml,4.80089E+12,30.62,Cream Silk,Hair Care
11654,Creamsilk Conditioner Standout Straight Tie - 6x12ml,4.80089E+12,30.44,Cream Silk,Hair Care
11655,Cupp Keyk Choco Topps Pack - 10x34g,4.80009E+12,56.81,Cupp Keyk,Bread and Biscuits
11656,Datu Puti Oyster Sauce Pack - 30g,4.80167E+12,3.25,Datu Puti,Condiments and Spices
11657,Datu Puti Patis Sachet - 150ml,4.80167E+12,10.24,Datu Puti,Condiments and Spices
11658,Datu Puti Soy Sauce Sakto Pack - 6x60ml,4.80167E+12,17.36,Datu Puti,Condiments and Spices
11659,Datu Puti Soy Sauce Sachet - 100ml,4.80167E+12,3.59,Datu Puti,Condiments and Spices
11660,Datu Puti Soy Sauce Sachet - 200ml,4.80167E+12,7.49,Datu Puti,Condiments and Spices
11661,Datu Puti Vinegar Sakto Pack - 6x60ml,4.80167E+12,16.3,Datu Puti,Condiments and Spices
11662,Datu Puti Vinegar Sachet - 100ml,4.80167E+12,2.88,Datu Puti,Condiments and Spices
11663,Datu Puti Vinegar Sachet - 200ml,4.80167E+12,5.57,Datu Puti,Condiments and Spices
11664,Del Monte Juice Pine with Fiber Can - 240ml,4.80002E+12,24.23,Del Monte,RTD
11665,Del Monte Juice Pineapple Heartsmart Bottle - 240ml,4.80002E+12,24.79,Del Monte,RTD
11667,Del Monte Juice Pineapple Juice with Vitamin A-C-E Can - 240ml,4.80002E+12,22.53,Del Monte,RTD
11668,Del Monte Pineapple Tidbits Pouch - 115g,4.80002E+12,11.22,Del Monte,Packed Fruits
11669,Del Monte Tomato Sauce Pack - 115g,4.80002E+12,13.14,Del Monte,Oil and Sauces
11670,Del Monte Tomato Sauce Pack - 200g,4.80002E+12,17.77,Del Monte,Oil and Sauces
11671,Del Monte Tomato Sauce Pack - 250g,4.80002E+12,20.22,Del Monte,Oil and Sauces
11672,Doowee Donuts Chocolate w/ Bavarian Pack - 10x40g,4.80009E+12,74.78,Doowee,Bread and Biscuits
11673,Dove Conditioner Intense Repair Tie - 6x10ml,4.80089E+12,30.11,Dove,Hair Care
11674,Dove Conditioner Straight & Silky Tie - 6x10ml,4.80089E+12,30.12,Dove,Hair Care
11675,Dove Shampoo Intense Repair Tie - 6x10ml,4.80089E+12,24.39,Dove,Hair Care
11676,Dove Shampoo Straight Silky Tie - 6x10ml,4.80089E+12,24.76,Dove,Hair Care
11677,Downy Fabric Conditioner AntiBac Safeguard Tie - 6x27ml,4.90243E+12,25.42,Downy,Laundry Products
11678,Downy Fabric Conditioner AntiBac Safeguard Tie - 6x40ml,4.90243E+12,40.48,Downy,Laundry Products
11679,Downy Fabric Conditioner AntiBac Safeguard Tri-Sachet Tie - 6x60ml,4.90243E+12,64.89,Downy,Laundry Products
11680,Downy Fabric Conditioner Garden Bloom Tie - 6x25ml,4.90243E+12,25.04,Downy,Laundry Products
11681,Downy Fabric Conditioner Garden Bloom Tri-Sachet Tie - 6x66ml,4.90243E+12,66.28,Downy,Laundry Products
11682,Downy Fabric Conditioner Parfum Collection Mystique Tie - 6x20ml,4.90243E+12,24.77,Downy,Laundry Products
11683,Downy Fabric Conditioner Parfum Collection Passion Tie - 6x20ml,4.90243E+12,24.52,Downy,Laundry Products
11684,Downy Fabric Conditioner Sunrise Fresh Tie - 6x28ml,4.90243E+12,24.77,Downy,Laundry Products
11685,Downy Fabric Conditioner Sunrise Fresh Tie - 6x40ml,4.90243E+12,39.91,Downy,Laundry Products
11686,Downy Fabric Conditioner Sunrise Fresh Tri-Sachet Tie - 6x60ml,4.90243E+12,66.22,Downy,Laundry Products
11687,Eden Cheese Sulit Pack Sachet - 45g,7.62221E+12,11.39,Eden,Spreads and Dressings
11688,Eden Cheese Box - 165g,4.80865E+12,45.47,Eden,Spreads and Dressings
11689,Emperador Brandy Light Bottle - 1L,4.80014E+12,128.6,Emperador,Alcohol
11690,Emperador Brandy Light Bottle - 350ml,4.80014E+12,48.41,Emperador,Alcohol
11691,Emperador Brandy Light Bottle - 500ml,4.80014E+12,68.63,Emperador,Alcohol
11692,Emperador Brandy Light Bottle - 750ml,4.80014E+12,97.65,Emperador,Alcohol
11693,Emperador Brandy Original Bottle - 750ml,4.80014E+12,97.98,Emperador,Alcohol
11694,Energen Cereal Choco Tie - 10x40g,8.996E+12,67.04,Energen,Bread and Biscuits
11696,Fibisco Cookies Hi-Ro - 330g x 10S Pack,4.80004E+12,48.24,Fibisco,Bread and Biscuits
11697,Fita Biscuits Singles Pack - 10x30g,7.50515E+11,46.5,Fita,Bread and Biscuits
11698,Fortune Extra Menthol Fliptop Long Pack - 20 sticks,48043717,107.08,Fortune,Cigarettes
11699,Fortune Lights Tribal Blue Label Pack - 20 sticks,48043441,107,Fortune,Cigarettes
11700,Fortune Mint Splash Pack - 20 sticks,48043472,106.96,Fortune,Cigarettes
11701,Fortune Red Extra KS Softpack Pack - 20sticks,48037105,107.01,Fortune,Cigarettes
11706,Frito Plus Vegetable Oil Pack - 175ml,4.80488E+12,12.98,Frito Plus,Oil and Sauces
11707,Frito Plus Vegetable Oil Bottle - 350ml,4.80488E+12,24.65,Frito Plus,Oil and Sauces
11708,Fudgee Barr Cake Choco Pack - 10x41g,4.80009E+12,57.57,Fudgee,Bread and Biscuits
11709,Fudgee Barr Cake Combo Pack - 10x44g,4.80009E+12,57.86,Fudgee,Bread and Biscuits
11710,Fudgee Barr Cake Dark Choco Pack - 10x38g,4.80009E+12,57.75,Fudgee,Bread and Biscuits
11711,Fudgee Barr Cake Macapuno Pack - 10x39g,4.80009E+12,57.21,Fudgee,Bread and Biscuits
11712,Gatorade Assorted 5+1 Bottle Pack - 6x500ml,4.80393E+12,185.61,Gatorade,Sports Drinks
11716,Ginebra Frasco Bottle - 700ml,4.80013E+12,94.7,Ginebra,Alcohol
11717,Ginebra Gin Round Bottle - 350ml,4.80013E+12,47.8,Ginebra,Alcohol
11718,Great Taste Original Twin Pack Tie 33gX10,4.80002E+12,73.32,Great Taste,Coffee
11719,Great Taste 3In1 White Smooth and Chocolatey Tie - 10x30g,4.80002E+12,58.56,Great Taste,Coffee
11721,Great Taste 3in1 White Twinpack Tie- 10x50g,4.80002E+12,87.83,Great Taste,Coffee
11722,Great Taste White Coffee Tie - 10x30g,4.80002E+12,58.98,Great Taste,Coffee
11723,GSM Blue Bottle - 350ml,4.80013E+12,48.17,GSM Blue,Alcohol
11724,GSM Blue Bottle - 700ml,4.80013E+12,91.99,GSM Blue,Alcohol
11725,Hany Milk Choco Sp Milk Pack - 260gx16pcs,4.80489E+12,35.19,Hany,Candies and Chocolates
11726,Happy Cotton Rolls Pack - 10g,4.80129E+12,2.79,Happy,Bath and Body Care
11727,Happy Diaper Baby Pants L Pack - 12pcs,4.80229E+12,80.87,Happy,Diapers
11728,Happy Diaper Baby Pants L Pack - 24pcs,4.80229E+12,162.19,Happy,Diapers
11729,Happy Diaper Baby Pants M Pack - 24pcs,4.80229E+12,145.84,Happy,Diapers
11730,Happy Diaper Baby Pants XL Pack - 12pcs,4.80229E+12,89.31,Happy,Diapers
11731,Happy Diaper Baby Pants XL Pack - 24pcs,4.80229E+12,177.78,Happy,Diapers
11732,Happy Diaper Clr Assorted L Pack - 30pcs,4.80229E+12,179.11,Happy,Diapers
11735,Happy Diaper L Pack - 12pcs,4.80229E+12,76.23,Happy,Diapers
11736,Happy Diaper L Pack - 30pcs,4.80229E+12,184.28,Happy,Diapers
11737,Happy Diaper M Pack - 12pcs,4.80229E+12,66.93,Happy,Diapers
11738,Happy Diaper M Pack - 30pcs,4.80229E+12,165.37,Happy,Diapers
11739,Happy Diaper XL Pack - 12pcs,4.80229E+12,82.86,Happy,Diapers
11740,Happy Diaper XL Pack - 30pcs,4.80229E+12,203.08,Happy,Diapers
11741,Happy Peanut Sachet - 20x6g,4.80009E+12,16.03,Happy Peanuts,Nuts
11742,Head & Shoulders Shampoo Cool Menthol Tie - 6x12ml,4.90243E+12,26.94,Head & Shoulders,Hair Care
11743,Homi Mami Beef Brisket Pack - 55g,4.80011E+12,6.37,Homi Mami,Rice and Noodles
11744,Homi Mami Chicken N Garlic Pack - 55g,4.80011E+12,6.38,Homi Mami,Rice and Noodles
11745,Homi Mami Chiligarlic Beef Pack - 55g,4.80602E+12,6.68,Homi Mami,Rice and Noodles
11746,Hope Menthol 100's Softpack Pack,48033695,107.37,Hope,Cigarettes
11747,Chicharon ni Mang Juan Espesyal Sukang Paomboong Pouch - 26g,4.80002E+12,3.44,Mang Juan,Chips
11748,Chicharon ni Mang Juan Paombong Pouch - 90g,4.80002E+12,14.6,Mang Juan,Chips
11749,Chicharon ni Mang Juan Chicharon Espesyal Suka't Sili Pouch - 26g,4.80002E+12,3.84,Mang Juan,Chips
11750,Chicharron ni Mang Juan Suka't Sili Pouch - 90g,4.80002E+12,14.05,Mang Juan,Chips
11751,Jack n' Jill Chik'N Skin ni Mang Juan Pack - 17g,4.80002E+12,3.89,Mang Juan,Chips
11752,Jack n' Jill Potato Chips Vcut Cheese Pack - 25g,4.80002E+12,9.12,Potato Chips,Chips
11754,Potato Chips V-Cut Spicy BBQ Pouch - 25g,4.80002E+12,9.81,Potato Chips,Chips
11755,Jack n' Jill Potato Chips Vcut Spicy Barbeque Pack - 60g,4.80002E+12,24.66,Potato Chips,Chips
11756,Roller Coaster Cheddar Cheese Pouch - 24g,4.80002E+12,3.9,Roller Coaster,Chips
11757,Wafrets Brix Chocolate Polybag - 10x24g,4.80002E+12,39.47,Wafrets,Bread and Biscuits
11758,Chippy BBQ Pouch - 42.5g,4.80002E+12,4.05,Chippy,Chips
11759,Jersey Evaporada Creamer Can - 370ml,9.55551E+12,20.13,Jersey,Milk
11760,Johnson's Baby Powder Classic Bottle - 25g,48032742,11.88,Johnson & Johnson,Bath and Body Care
11761,Joy Dishwashing Liquid AntiBac Safeguard Tie - 6x40ml,4.90243E+12,58.3,Joy,Cleaning Products
11762,Joy Dishwashing Liquid Kalamansi Tie - 6x18.5ml,4.90243E+12,25.37,Joy,Cleaning Products
11763,Joy Dishwashing Liquid Kalamansi Tie - 6x40ml,4.90243E+12,58.53,Joy,Cleaning Products
11764,Joy Dishwashing Liquid Lemon Tie - 6x18.5ml,4.90243E+12,26.04,Joy,Cleaning Products
11765,Joy Dishwashing Liquid Lemon Tie - 6x40ml,4.90243E+12,58.15,Joy,Cleaning Products
11766,Knorr Cubes Beef Tie - 6x10g,4.80089E+12,26.44,Knorr,Seasonings and Mixes
11767,Knorr Cubes Chicken Tie - 6X10g,4.80089E+12,25.66,Knorr,Seasonings and Mixes
11768,Knorr Cubes Pork Tie - 6X10g,4.80089E+12,26.41,Knorr,Seasonings and Mixes
11769,Knorr Mix Sinigang Original Pack - 10g,4.80089E+12,3.92,Knorr,Seasonings and Mixes
11770,Knorr Mix Sinigang w/ Gabi Pack - 22g,4.80868E+12,9.92,Knorr,Seasonings and Mixes
11771,Knorr Mixes Ginataang Gulay Pack - 29g,4.80089E+12,12.06,Knorr,Seasonings and Mixes
11772,Knorr Mix Sinigang Original Pack - 20g,4.80089E+12,8.96,Knorr,Seasonings and Mixes
11773,Kopiko Coffee Black 3in1 Astig Tie - 10x20g,8.996E+12,64.22,Kopiko,Coffee
11774,Kopiko Coffee Black 3in1 Astig Twin Pack Tie - 10x50g,8.99867E+12,97.68,Kopiko,Coffee
11775,Kopiko Coffee Brown Tie- 10x27.5g,8.996E+12,63.7,Kopiko,Coffee
11776,Kopiko Coffee Brown Twin Pack Tie - 10x55g,8.99867E+12,97.74,Kopiko,Coffee
11777,Kopiko Coffee Cafe Blanca Tie - 10x30g,8.996E+12,63.54,Kopiko,Coffee
11778,Kopiko Coffee Cafe Blanca Twin Pack Tie - 10x52g,8.99867E+12,97.79,Kopiko,Coffee
11779,Kopiko Coffee L.A. Coffee Tie - 10x25g,8.996E+12,57.13,Kopiko,Coffee
11780,Lady's Choice Mayonnaise Tie - 6x27ml,4.80089E+12,53.02,Lady's Choice,Spreads and Dressings
11781,Lady's Choice Mayonnaise Pack - 80ml,4.80868E+12,25.83,Lady's Choice,Spreads and Dressings
11782,Ladys Choice Spread Chicken Sachet Tie - 6x27ml,4.80089E+12,52.68,Lady's Choice,Spreads and Dressings
11783,Lemon Square Cupcake Cheese Pack - 10x30g,4.80901E+12,57.36,Lemon Square,Bread and Biscuits
11784,Lemon Square Lava Cake Pack - 10x42g,4.80602E+12,59.23,Lemon Square,Bread and Biscuits
11785,Ligo Sardines Green Can - 155g,4.80016E+12,16.01,Ligo,Canned Seafood
11786,Ligo Sardines Green Can - 425g,4.80016E+12,42.42,Ligo,Canned Seafood
11787,Ligo Sardines Red Can - 155g,4.80016E+12,17.08,Ligo,Canned Seafood
11788,Ligo Sardines Red Can - 425g,4.80016E+12,42.83,Ligo,Canned Seafood
11789,Loaded Snack Choco Pack - 32g,4.80052E+12,3.79,Loaded,Candies and Chocolates
11790,Loaded Snack White Choco Pack - 32g,4.80052E+12,3.84,Loaded,Candies and Chocolates
11791,Lucky Me Noodle Beef Pack - 55g,4.80777E+12,6.18,Lucky Me,Rice and Noodles
11792,Lucky Me Noodle Chicken Pack - 55g,4.80777E+12,6.46,Lucky Me,Rice and Noodles
11793,Lucky Me Noodle Spicy Beef Pack - 55g,4.80777E+12,6.27,Lucky Me,Rice and Noodles
11794,Lucky Me Pancit Canton Chilimansi Pack - 80g,4.80777E+12,10.02,Lucky Me,Rice and Noodles
11795,Lucky Me Pancit Canton Hot Chili Pack - 80g,4.80777E+12,10.07,Lucky Me,Rice and Noodles
11796,Lucky Me Pancit Canton Kalamansi Pack - 80g,4.80777E+12,10.49,Lucky Me,Rice and Noodles
11797,Lucky Me Pancit Canton Original Pack - 80g,4.80777E+12,10.47,Lucky Me,Rice and Noodles
11798,Lucky Me Pancit Canton Sweet & Spicy Pack - 80g,4.80777E+12,10.05,Lucky Me,Rice and Noodles
11803,Magic Flavors Cheese Pack - 28g,4.80002E+12,39.33,Magic Flakes,Bread and Biscuits
11804,Mang Tomas Lechon Sauce Pouch - 100g,4.80167E+12,8.42,Mang Tomas,Condiments and Spices
11805,Mang Tomas Lechon Sauce Bottle - 325g,4.80167E+12,29.17,Mang Tomas,Condiments and Spices
11806,Marlboro Black Menthol Fliptop Pack - 20 sticks,95509433,117.12,Marlboro,Cigarettes
11808,Marlboro Ice Blast Filter Pack - 20 sticks,48042772,117.15,Marlboro,Cigarettes
11809,Marlboro Lights Fliptop Pack - 20 sticks,76239878,117.07,Marlboro,Cigarettes
11811,Marlboro Red Fliptop Pack - 20 sticks,76164217,116.6,Marlboro,Cigarettes
11813,Maxx Cherry Pack - 50pcs,4.80002E+12,27.22,Maxx,Candies and Chocolates
11815,Maxx Honey-Lemon Pack - 50pcs,4.80002E+12,27.18,Maxx,Candies and Chocolates
11817,Mega Sardines Green Easy Open Can - 155g,4.8065E+12,16.26,Mega,Canned Seafood
11819,Mega Sardines Hot Easy Open Can - 155g,4.8065E+12,17,Mega,Canned Seafood
11821,Mentos Candy Mint Pack - 50pcs,4.80021E+12,34.41,Mentos,Candies and Chocolates
11822,Mighty Cigar Filter King 20s Red Hardpack Pack - 20 sticks,48041836,89.61,Mighty Cigar,Cigarettes
11823,Mighty Cigar Menthol 20s White Hardpack Pack - 20 sticks,48041812,89.98,Mighty Cigar,Cigarettes
11825,Moby Snack Caramel Pack - 25g,4.80052E+12,4.33,Moby,Candies and Chocolates
11826,Moby Snack Chocolate Pack - 25g,4.80052E+12,3.43,Moby,Candies and Chocolates
11827,Modess Sanitary Napkin Cottony Soft Maxi Non-Wing Pack - 20 pads,8.85001E+12,79.98,Modess,Feminine Care
11828,Modess Sanitary Napkin Cottony Soft Maxi Non-Wing Pack - 12x1 pads,8.85001E+12,48.17,Modess,Feminine Care
11829,Modess Sanitary Napkin Cottony Soft Maxi Wing Pack - 16 pads,8.85001E+12,65.26,Modess,Feminine Care
11830,Mr. Chips Cheese Snack Pack - 26g,4.80002E+12,2.89,Mr. Chips,Chips
11833,Nescafe Coffee Brown and Creamy Twin Pack Tie - 10x24g,4.80036E+12,97.48,Nescafe,Coffee
11834,Nescafe Coffee Classic Sachet - 25g,4.80036E+12,17.54,Nescafe,Coffee
11835,Nescafe Coffee Classic Sachet - 48x2g,4.80036E+12,89.68,Nescafe,Coffee
11836,Nescafe Coffee Creamy Latte Tie - 10x27.5g,4.80036E+12,54.52,Nescafe,Coffee
11837,Nescafe Coffee Creamy White Twin Pack Tie - 10x52g,4.80036E+12,97.68,Nescafe,Coffee
11838,Nescafe Coffee Creamy White Tie - 10x28g,4.80036E+12,56.34,Nescafe,Coffee
11844,Nestle All Purpose Cream Tetra Pack - 250ml,4.80036E+12,54.96,Nestle,Spreads and Dressings
11845,Nestle Chuckie Bulilit Tetra Pack - 110ml,4.80036E+12,10.21,Chuckie,Milk
11846,Nestle Chuckie Tetra Pack - 150ml,4.80036E+12,15.08,Chuckie,Milk
11847,Nestogen 1 Box - 135g,4.80036E+12,62.83,Nestogen,Milk
11848,Nestogen Classic Pack - 135g,4.80036E+12,43.55,Nestogen,Milk
11849,Nissin Batchoy Mini Cup - 40g,4.80002E+12,14.31,Nissin (Noodles),Rice and Noodles
11850,Nissin Minicup Beef Pack - 40g,4.80002E+12,14.49,Nissin (Noodles),Rice and Noodles
11851,Nissin Mini Bulalo Cup - 40g,4.80002E+12,14.77,Nissin (Noodles),Rice and Noodles
11852,Nissin Mini Seafood Cup - 40g,4.80002E+12,14.47,Nissin (Noodles),Rice and Noodles
11853,Nissin Minicup Spicy Hot Beef - 40g,4.80002E+12,14.14,Nissin (Noodles),Rice and Noodles
11854,Nissin Mini Spicy Seafood Cup - 40g,4.80002E+12,14.38,Nissin (Noodles),Rice and Noodles
11855,Nissin Ramen Noodle Beef Pack - 55g,4.80002E+12,6.79,Nissin (Noodles),Rice and Noodles
11856,Nissin Ramen Seafood Pouch - 55g,4.80002E+12,8.52,Nissin (Noodles),Rice and Noodles
11857,Nissin Ramen Noodle Spicy Seafood Pack - 59g,4.80002E+12,8.5,Nissin (Noodles),Rice and Noodles
11858,Nissin Yakisoba Chicken Pack - 59g,4.80002E+12,7.57,Nissin (Noodles),Rice and Noodles
11859,Nova Country Cheddar Pack - 40g,4.80002E+12,9.89,Nova,Chips
11860,Nova Country Cheddar Pouch - 78g,4.80002E+12,24.38,Nova,Chips
11861,Oishi Bread Pan Butter Toast Pack - 24g,4.80019E+12,4.11,Oishi,Chips
11862,Oishi Bread Pan Cheese & Onion Pack - 24g,4.80019E+12,3.88,Oishi,Chips
11863,Oishi Cracklin Salt and Vinegar Pack - 24g,4.80019E+12,3.87,Oishi,Chips
11864,Oishi Crispy Patata Snack Pack - 24g,4.80019E+12,3.51,Oishi,Chips
11865,Oishi Crispy Patata Snack Pack - 85g,4.80019E+12,16.75,Oishi,Chips
11866,Oishi Marty's Crackling Spicy Pack - 22g,4.80019E+12,4.02,Oishi,Chips
11868,Oishi Marty's Cracklings Salt & Vinegar Pack - 22g,4.80019E+12,3.65,Oishi,Chips
11870,Oishi Marty's Plain Pack - 22g,4.80019E+12,4,Oishi,Chips
11871,Oishi Pillows Choco Pack - 38g,4.80019E+12,5.4,Oishi,Candies and Chocolates
11872,Oishi Prawn Cracker Spicy Pack - 24g,4.80019E+12,4.03,Oishi,Chips
11873,Oishi Prawn Crackers Spicy Pack - 90g,4.80019E+12,16.42,Oishi,Chips
11874,Oishi Prawn Crackers Pack - 24g,4.89121E+12,3.79,Oishi,Chips
11875,Ok Filled Cheese Pack - 200g,4.80006E+12,33.82,Ok,Spreads and Dressings
11877,Palmolive Naturals Shampoo Healthy & Smooth Tie - 6x15ml,8.85001E+12,24.86,Palmolive,Hair Care
11879,Palmolive Naturals Shampoo Intense Moisture Tie - 6x15ml,8.85001E+12,24.15,Palmolive,Hair Care
11880,Payless Pancit Canton Chilimansi Pack - 130g,4.80002E+12,12.35,Payless,Rice and Noodles
11881,Payless Xtra Big Hot Chili Pack - 130g,4.80002E+12,13.25,Payless,Rice and Noodles
11882,Payless Xtra Big Kalamansi Pack - 130g,4.80002E+12,12.9,Payless,Rice and Noodles
11883,Peewee Snack BBQ Pack - 25g,4.80052E+12,3.11,Peewee,Chips
11885,Piattos Snack Cheese Pack - 40g,4.80002E+12,10.05,Piattos,Chips
11886,Piattos Cheese Pack - 85g,4.80002E+12,23.3,Piattos,Chips
11887,Piattos Roadhouse BBQ Pack - 40g,4.80002E+12,9.56,Piattos,Chips
11889,Piattos Snack Sour Cream Pack - 40g,4.80002E+12,9.11,Piattos,Chips
11890,Piattos Snack Sour Cream Pack - 85g,4.80002E+12,23.57,Piattos,Chips
11891,Presto Creams Peanut Butter Polybag - 10x30g,4.80001E+12,44.75,Presto Creams,Bread and Biscuits
11892,Purefoods Corned Beef Pack - 150g,4.80889E+12,66.11,Purefoods,Packed Meat
11893,Purefoods Corned Beef Pack - 210g,4.80889E+12,91.31,Purefoods,Packed Meat
11894,Rebisco Biscuit Bravo Pack - Pack,4.80009E+12,47.78,Rebisco,Bread and Biscuits
11895,Rebisco Combi Triple Choco Pack,4.80009E+12,46.74,Rebisco,Bread and Biscuits
11896,Rebisco Crackers Pack - 35g,4.80009E+12,44.82,Rebisco,Bread and Biscuits
11897,Rebisco Hansel Choco Pack - 30g,4.80009E+12,47.16,Rebisco,Bread and Biscuits
11898,Rebisco Hansel Crackers Pack - 30g,4.80009E+12,46.77,Rebisco,Bread and Biscuits
11899,Rebisco Hansel Mocha Pack - 30g,4.80009E+12,47.65,Rebisco,Bread and Biscuits
11900,Rebisco Sandwich Choco Pack - 32g,4.80009E+12,47.25,Rebisco,Bread and Biscuits
11901,Rebisco Sandwich Strawberry Pack - 32g,4.80009E+12,47.59,Rebisco,Bread and Biscuits
11902,Refresh Mineral Water Bottle - 350ml,4.80002E+12,4.1,Refresh,Water
11903,Refresh Mineral Water Bottle - 500ml,4.80002E+12,5.35,Refresh,Water
11904,Regent Snack Tempura Pack - 100g,4.80169E+12,16.66,Regent,Chips
11905,Reno Spread Liver Can - 85g,4.80589E+12,15.27,Reno,Spreads and Dressings
11909,Ricoa Choco Flat Tops Pack - 100pcs,4.80004E+12,134.81,Ricoa,Candies and Chocolates
11910,Royal Tru-Orange Mismo Case - 12x300ml,4.80198E+12,132.42,Royal,Softdrinks
11911,Royal Tru-Orange Regular Bottle - 1.5L,4.80198E+12,54.04,Royal,Softdrinks
11912,Saba Mackerel Natural Oil White Can - 155g,96785013298,25.75,Saba,Canned Seafood
11913,Saba Mackerel Oil White Can - 425g,96785013113,59.93,Saba,Canned Seafood
11914,Safeguard Soap Floral Pink Pack - 60g,4.90243E+12,14.91,Safeguard,Bath and Body Care
11915,Safeguard Soap Pure White Pack - 60g,4.90243E+12,14.27,Safeguard,Bath and Body Care
11916,San Marino Tuna Corned Chili Can - 100g,4.80025E+12,23.04,San Marino,Canned Seafood
11917,San Marino Tuna Corned Chili Can - 150g,4.80025E+12,30.46,San Marino,Canned Seafood
11919,San Marino Tuna Corned Chili Can - 85g,4.80025E+12,21.12,San Marino,Canned Seafood
11920,San Marino Tuna Corned Can - 100g,4.80025E+12,22.64,San Marino,Canned Seafood
11921,San Marino Tuna Corned Can - 150g,4.80025E+12,30.82,San Marino,Canned Seafood
11923,San Marino Tuna Corned Can - 85g,4.80025E+12,21.4,San Marino,Canned Seafood
11924,Silka Soap Orange Papaya Pack - 65g,4.80651E+12,13.21,Silka,Bath and Body Care
11925,Silver Swan Soy Sauce Pack - 100ml,4.80034E+12,3.68,Silver Swan,Condiments and Spices
11926,Silver Swan Soy Sauce Pouch - 200ml,4.80034E+12,7.34,Silver Swan,Condiments and Spices
11927,Silver Swan Sukang Puti Pouch - 100ml,4.80034E+12,2.78,Silver Swan,Condiments and Spices
11928,Silver Swan Sukang Puti Pouch - 200ml,4.80034E+12,5.36,Silver Swan,Condiments and Spices
11929,Skyflakes Crackers Pack - 24x25g,7.50515E+11,111.64,Skyflakes,Bread and Biscuits
11930,Skyflakes Sandwich Condensada Pack - 10x30g,7.50515E+11,46.45,Skyflakes,Bread and Biscuits
11931,Snowbear Candy Menthol 100's Pack - 100,4.8065E+12,73.98,Snowbear,Candies and Chocolates
11932,Spam Luncheon Meat Lite Can - 340g,37600336161,170.34,Spam,Packed Meat
11934,Sprite Regular Bottle - 1.5L,4.80198E+12,53.78,Sprite,Softdrinks
11935,Stik-O Waferstick Chocolate Can - 850g,4.80017E+12,101.09,Stik-O,Cookies
11936,Summit Spring Water Bottle - 350ml,4.80001E+12,6.39,Summit,Water
11937,Summit Spring Water Bottle - 500ml,4.80001E+12,8.88,Summit,Water
11938,Sunsilk Smooth & Manageable Tie - 6x13.5ml,4.80089E+12,24.15,Sunsilk,Hair Care
11939,Sunsilk Strong & Long Tie - 6x13ml,4.80089E+12,23.88,Sunsilk,Hair Care
11940,Surf Detergent Cherry Blossom Bar - 130g,4.80089E+12,7.52,Surf,Laundry Products
11941,Surf Detergent Blossom Fresh with Fabcon Bar - 130g,4.80089E+12,7.25,Surf,Laundry Products
11942,Surf Detergent Blossom Fresh with Fabcon Bar - 380g,4.80089E+12,21.26,Surf,Laundry Products
11943,Surf Detergent Kalamansi Oxybubbles Bar - 380g,4.80089E+12,18.58,Surf,Laundry Products
11944,Surf Detergent Powder Cherry Blossom Tie - 6x57g,4.80089E+12,28.27,Surf,Laundry Products
11945,Surf Detergent Powder Kalamansi Tie - 6x57g,4.80089E+12,27.76,Surf,Laundry Products
11946,Surf Detergent Powder Rose Fresh Tie - 6x57g,4.80089E+12,27.53,Surf,Laundry Products
11947,Surf Detergent Powder Sun Fresh Tie - 6x57g,4.80089E+12,27.94,Surf,Laundry Products
11948,Surf Detergent Powder Tawas Tie - 6x57g,4.80089E+12,27.66,Surf,Laundry Products
11949,Surf Fabric Conditioner Blossom Fresh Tie - 6x28ml,4.80089E+12,25.02,Surf,Laundry Products
11950,Surf Fabric Conditioner Luxe Perfume Tie - 6x28ml,8.93487E+12,24.69,Surf,Laundry Products
11951,Tanduay Ice Original Bottle - 330ml,4.80022E+12,26.64,Tanduay,Alcohol
11960,Those Days S.Napkin Reg Nw Pack - 8pads,4.80129E+12,10.87,Those Days,Feminine Care
11961,Tide Detergent Original Bar - 125g,4.90243E+12,6.73,Tide,Laundry Products
11962,Tide Detergent Original Bar - 380g,4.90243E+12,17.76,Tide,Laundry Products
11963,Tide Detergent with Downy Bar - 125g,4.90243E+12,6.7,Tide,Laundry Products
11964,Tide Detergent Powder Original Taba Tie - 6x80g,4.90243E+12,49.98,Tide,Laundry Products
11965,Tide Detergent Powder with Downy Tie - 6x74g,4.90243E+12,50.43,Tide,Laundry Products
11966,UFC Banana Catsup Pack - 100g,14285002789,6.61,UFC,Oil and Sauces
11967,UFC Banana Catsup Bottle - 320g,14285000068,20.44,UFC,Oil and Sauces
11968,Unipak Mackerel Natural Oil Can - 155g,4.80015E+12,23.84,Unipak,Canned Seafood
11969,Wilkins Distilled Water Bottle - 7000ml,4.80198E+12,83.08,Wilkins,Water
11970,Winston Reds Pack - 20 sticks,48040594,107.64,Winston,Cigarettes
11971,Winston Lights Pack - 20 sticks,48039871,107.56,Winston,Cigarettes
11973,Youngs Town Sardines Green Can - 155g,4.80053E+12,15.54,Youngs Town,Canned Seafood
11975,Youngs Town Sardines Red Can - 155g,4.80053E+12,16.45,Youngs Town,Canned Seafood
11976,Zesto RTD Choco Doy Tetra Pack - 200ml,4.80489E+12,13.44,Zesto,Milk
11977,Zonrox Bleach Colorsafe Bottle - 225ml,4.80005E+12,19.99,Zonrox,Laundry Products
11978,Zonrox Bleach Regular Bottle - 100ml,4.80005E+12,6.3,Zonrox,Laundry Products
11979,Zonrox Bleach Regular Bottle - 1000ml,4.80005E+12,32.37,Zonrox,Laundry Products
11980,Zonrox Bleach Regular Bottle - 250ml,4.80005E+12,11.08,Zonrox,Laundry Products
11981,Zonrox Bleach Regular Bottle - 500ml,4.80005E+12,17.17,Zonrox,Laundry Products
11982,Big 250 Apple Juice Tetra Pack - 10x250ml,4.80489E+12,76.95,Big 250,RTD
11983,Big 250 Mango Juice Tetra Pack - 10x250ml,4.80489E+12,81.79,Big 250,RTD
11984,Big 250 Orange Juice Tetra Pack - 10x250ml,4.80489E+12,76.58,Big 250,RTD
11985,Big 250 Pineapple Juice Tetra Pack - 10x250ml,4.80489E+12,77.04,Big 250,RTD
11986,Emperador Brandy Light Case - 12x750ml,1.48001E+13,1192.48,Emperador,Alcohol
11987,Ginebra Gin Round Case  - 24x350ml,1.48001E+13,1173.55,Ginebra,Alcohol
11988,Ligo Sardines Green Can - 100x155g,1.48002E+13,1793.34,Ligo,Canned Seafood
11989,Ligo Sardines Red Can - 100x155g,1.48002E+13,1811.6,Ligo,Canned Seafood
11990,Fortune Extra Menthol Fliptop Long Ream - 10x20 sticks,4.80018E+12,1086.22,Fortune,Cigarettes
11991,Marlboro Lights Fliptop Ream - 10x20 sticks,7.6239E+12,1181.77,Marlboro,Cigarettes
11992,Marlboro Red Fliptop Ream - 10x20 sticks,7.6164E+12,1181.16,Marlboro,Cigarettes
11993,Winston Lights Ream - 10x20 sticks,4.80018E+12,1086.99,Winston,Cigarettes
11994,Winston Reds Ream - 10x20 sticks,4.80018E+12,1087.47,Winston,Cigarettes
11995,Alaska Evaporada Can - 48x370ml,1.48006E+13,1191.18,Alaska,Milk
11996,Bear Brand Milk Powdered Iron Sachet - 128x33g,4.80036E+12,1092.41,Bear Brand,Milk
11997,Big 250 Grape Juice Tetra Pack - 10x250ml,4.80489E+12,77.4,Big 250,RTD
11998,C2 Grean Tea Apple Case - 24x500ml,1.48E+13,598.46,C2,RTD
11999,C2 Green Tea Lemon Case - 355ml x 24,1.48E+13,430.61,C2,RTD
12000,C2 Green Tea Lemon Case - 500ml x 24,1.48E+13,599.87,C2,RTD
12002,Cloud 9 Classic Dispenser box - 12x28g,4.80001E+12,71.1,Cloud 9,Candies and Chocolates
12003,Coke Regular Case - 12x1.5L,4.80198E+12,663.5,Coke,Softdrinks
12004,Cow Bell Condensada Box - 48x300ml,1.48006E+13,1384.73,Cow Bell,Milk
12005,Datu Puti Vinegar Box - 72x100ml,1.48017E+13,322.43,Datu Puti,Condiments and Spices
12006,Datu Puti Soy Sauce Sachet - 60x200ml,1.48017E+13,535.19,Datu Puti,Condiments and Spices
12007,Datu Puti Soy Sauce Sachet - 72x100ml,1.48017E+13,369.45,Datu Puti,Condiments and Spices
12008,Datu Puti Vinegar Box - 60x200ml,1.48017E+13,409.69,Datu Puti,Condiments and Spices
12009,Del Monte Juice Pineapple Juice with Vitamin A-C-E Box - 24x240ml,1.48E+13,570.92,Del Monte,RTD
12010,Emperador Brandy Light Case - 20x350ml,1.48001E+13,993.5,Emperador,Alcohol
12011,Emperador Brandy Light Case - 15x500ml,1.48001E+13,1051.96,Emperador,Alcohol
12013,Great Taste 3in1 White Twinpack Box - 240x50g,1.48E+13,2146.3,Great Taste,Coffee
12014,Homi Mami Beef Brisket Box - 72x55g,1.48001E+13,545.81,Homi Mami,Rice and Noodles
12015,Fortune Mint Splash Ream - 10x20 sticks,4.8065E+12,1086.16,Fortune,Cigarettes
12016,Great Taste White Coffee Box - 240x30g,1.48E+13,1450.99,Great Taste,Coffee
12017,Homi Mami Chiligarlic Beef Pack - 72x55g,1.4806E+13,581.64,Homi Mami,Rice and Noodles
12018,Homi Mami Chicken N Garlic Box - 72x55g,1.48001E+13,545.42,Homi Mami,Rice and Noodles
12019,Kopiko Coffee Brown Twin Pack Sachet - 120x55g,1.89987E+13,1192.21,Kopiko,Coffee
12020,Kopiko Coffee Cafe Blanca Hanger Sachet - 240x30g,1.8996E+13,1565.07,Kopiko,Coffee
12021,Kopiko Coffee Cafe Blanca Twin Pack Sachet - 120x52g,1.89987E+13,1191.81,Kopiko,Coffee
12022,Kopiko Coffee Brown Hanger Sachet - 240x27.5g,1.8996E+13,1565.65,Kopiko,Coffee
12023,Lucky Me Noodle Beef Pack - 72x55g,1.48078E+13,556.51,Lucky Me,Rice and Noodles
12024,Lucky Me Noodle Chicken Pack - 72x55g,1.48078E+13,556.71,Lucky Me,Rice and Noodles
12025,Lucky Me Noodle Spicy Beef Pack - 72x55g,1.48078E+13,574.03,Lucky Me,Rice and Noodles
12026,Lucky Me Pancit Canton Kalamansi Pack - 72x80g,1.48078E+13,847.63,Lucky Me,Rice and Noodles
12027,Lucky Me Pancit Canton Original Pack - 72x80g,1.48078E+13,847.63,Lucky Me,Rice and Noodles
12028,Lucky Me Pancit Canton Sweet & Spicy Pack - 72x80g,1.48078E+13,847.69,Lucky Me,Rice and Noodles
12029,Youngs Town Sardines Green Can - 100x155g,1.48005E+13,1733.33,Youngs Town,Canned Seafood
12030,Youngs Town Sardines Red Can - 100x155g,1.48005E+13,1763.39,Youngs Town,Canned Seafood
12031,Zesto RTD Choco Doy Tetra Pack - 10x200ml,4.80489E+12,148.95,Zesto,Milk
12033,Mega Sardines Green Easy Open Can - 100x155g,1.48065E+13,1798.6,Mega,Canned Seafood
12034,Nescafe Coffee Creamy White Twin Pack Sachet - 200x52g,4.80036E+12,1978.13,Nescafe,Coffee
12035,Mega Sardines Hot Easy Open Can - 100x155g,1.48065E+13,1823.87,Mega,Canned Seafood
12036,Royal Tru-Orange Regular Case - 12x1.5L,4.80198E+12,663.96,Royal,Softdrinks
12037,Silver Swan Soy Sauce Pouch - 60x200ml,2.48003E+13,538.19,Silver Swan,Condiments and Spices
12038,Reno Spread Liver Can - 48x85g,1.48059E+13,788.45,Reno,Spreads and Dressings
12039,Silver Swan Sukang Puti Pouch - 60x200ml,2.48003E+13,388.68,Silver Swan,Condiments and Spices
12040,Sprite Regular Case - 12x1.5L,4.80198E+12,663.27,Sprite,Softdrinks
12041,Silver Swan Sukang Puti Pouch - 72x100ml,1.48003E+13,300.85,Silver Swan,Condiments and Spices
12042,Fortune Lights Tribal Blue Label Ream - 10x20 sticks,4.8065E+12,1086.67,Fortune,Cigarettes
12043,Silver Swan Soy Sauce Junior Pouch Pouch - 72x100ml,1.48003E+13,381.47,Silver Swan,Condiments and Spices
12044,Kopiko Coffee Black 3in1 Astig Twin Pack Sachet - 120x50g,1.89987E+13,1191.72,Kopiko,Coffee
12045,Marlboro Ice Blast Filter Ream - 10x20 sticks,4.8065E+12,1181.21,Marlboro,Cigarettes
12046,Marlboro Black Menthol Fliptop Ream - 10x20 sticks,4.8065E+12,1181.09,Marlboro,Cigarettes
12048,Mighty Cigar Filter King 20s Red Hardpack Ream - 10x20 sticks,4.8065E+12,909.32,Mighty Cigar,Cigarettes
12049,Mighty Cigar Menthol 20s White Hardpack Ream - 10x20 sticks,4.8065E+12,909.32,Mighty Cigar,Cigarettes
12050,C2 Green Tea Apple Case - 355ml x 24,1.48E+13,430.66,C2,RTD
12051,Emperador Brandy Light Case - 12x1L,1.48001E+13,1562.45,Emperador,Alcohol
12052,Ginebra Frasco Case - 12x700ml,1.48001E+13,1155.04,Ginebra,Alcohol
12053,Lucky Me Pancit Canton Chilimansi Pack - 72x80g,1.48078E+13,848.26,Lucky Me,Rice and Noodles
12054,Lucky Me Pancit Canton Hot Chili Pack - 72x80g,1.48078E+13,848.19,Lucky Me,Rice and Noodles
12056,Nescafe Coffee Creamy White Sachet - 240x28g,4.80036E+12,1390.98,Nescafe,Coffee
12057,Happy Diaper Baby Pants M Pack - 12pcs,4.80229E+12,72.87,Happy,Diapers
12059,Casa Lucia Refined Sugar Pack - 1/4kg,4.80901E+12,13.31,Lucky Sugar,Condiments and Spices
12060,Alaska Condensada Combi Tetrapack - 250ml,4.80058E+12,37.31,Alaska,Milk
12061,Datu Puti Vinegar Sakto Pack - 144x60ml,2.48017E+13,428.39,Datu Puti,Condiments and Spices
12062,Datu Puti Soy Sauce Sakto Box - 144x60ml,2.48017E+13,457.67,Datu Puti,Condiments and Spices
12063,Royal Red Standard Matches - 10 boxes,4.80011E+12,15.44,Royal Red,Party Needs
12064,Alaska Evaporated Milk - 370ml,4.80058E+12,36.93,Alaska,Milk
12102,Lampein Baby Diaper M Pack - 60pcs,4.80651E+12,319.39,Lampein,Diapers
12105,Lampein Baby Diaper L Pack - 54pcs,4.80651E+12,318.96,Lampein,Diapers
12106,Gin Kapitan Bottle - 350ml,4.80022E+12,40.34,Gin Kapitan,Alcohol
12110,Rinbee Cheese Sticks Pack - 26g,4.89121E+12,3.61,Oishi,Chips
12111,Oishi Potato Fries Cheese Pack - 21g,4.80019E+12,3.37,Oishi,Chips
12115,Lorins Patis Pouch - 150ml,4.80489E+12,8.13,Lorins,Condiments and Spices
13092,Maxx Dalandan Orange Pack - 50pcs,4.80002E+12,27.96,Maxx,Candies and Chocolates
13094,Happy Diaper Clr Assorted M Pack - 30pcs,4.80229E+12,161.18,Happy,Diapers
13095,Happy Diaper Clr Assorted XL Pack - 30pcs,4.80229E+12,197.4,Happy,Diapers
13096,Bonamil Milk Pack - 400g,4.80015E+12,210.28,Bonamil,Milk
13097,Bonna Infant Formula 0-6 Months Pack - 400g,4.80015E+12,209.73,Bonna Infant,Milk
13098,Calla Detergent Powder Floral Fresh Bag - 400g,4.8065E+12,36.85,Calla,Laundry Products
13099,Aji Ginisa Flavor Mix Tie - 16x7g,4.80196E+12,26.16,Ajinomoto,Seasonings and Mixes
13107,Great Taste 3In1 White Smooth and Chocolatey Twin Pack Tie - 10x50g,4.80002E+12,87.84,Great Taste,Coffee
13110,Energen Cereal Vanilla Tie - 10x40g,8.996E+12,67.08,Energen,Bread and Biscuits
13115,Summit Spring Water Case - 35x350ml,1.48E+13,271.87,Summit,Water
13119,Summit Spring Water Case - 24x500ml,1.48E+13,252.81,Summit,Water
13123,Birch Tree Fortified Powdered Milk Sachet - 160x33g,2.07485E+13,1169.42,Birch Tree,Milk
13127,Nestle Chuckie Tetra Pack - 10x150ml,4.80036E+12,166.41,Chuckie,Milk
13131,C2 Green Tea Apple Case - 1L x 12,1.48E+13,454.26,C2,RTD
13135,Del Monte Juice Pineapple Heartsmart Box - 24x240ml,1.48E+13,617.78,Del Monte,RTD
13139,Angel Evaporada Liquid Creamer Can - 48x410ml,1.07485E+13,994.14,Angel,Milk
13143,Nestle All Purpose Cream Tetra Pack - 24x250ml,1.48004E+13,1350.14,Nestle,Spreads and Dressings
13147,Mang Tomas Lechon Sauce Case - 24x325g,1.48017E+13,736.29,Mang Tomas,Condiments and Spices
13151,Refresh Mineral Water Case - 24x500ml,1.48E+13,166.61,Refresh,Water
13155,Refresh Mineral Water Case - 24x350ml,1.48E+13,125.39,Refresh,Water
13159,Birch Tree Fortified Powdered Milk Tie - 8x33g,7.48485E+11,56.65,Birch Tree,Milk
13163,Mountain Dew Case - 12x300ml,1.48039E+13,134.12,Mountain Dew,Softdrinks
13167,Choco Mucho Cookies & Cream Bar Pack - 10x30g,4.80009E+12,62.51,Choco Mucho,Candies and Chocolates
13667,Sprite Mismo Case - 12x300ml,4.80198E+12,132.66,Sprite,Softdrinks
13672,Bear Brand Adult Plus Coffee Pack - 8x33g,4.80036E+12,116.66,Bear Brand,Coffee
13675,Great Taste White Crema Stream - 10x30g,4.80002E+12,59.33,Great Taste,Coffee
13678,Great Taste White Crema Twin Pack Tie - 10x50g,4.80002E+12,88.89,Great Taste,Coffee
13681,Great Taste White Caramel Tie - 10x30g,4.80002E+12,59.42,Great Taste,Coffee
13684,Great Taste White Caramel Twin Pack Tie - 10x50g,4.80002E+12,88.96,Great Taste,Coffee
13691,Fundador Light Bottle - 1L,8.41016E+12,338.23,Fundador,Alcohol
13694,Century Tuna Flakes Oil - 125g,7.48485E+11,23.14,Century,Canned Seafood
13706,Aji Panda Seasoning Tie - 18x11g,4.80196E+12,45.54,Ajinomoto,Seasonings and Mixes
14215,Argentina Corned Chicken Spicy Can - 150g,7.48486E+11,26.49,Argentina,Packed Meat
14224,Argentina Corned Chicken Can - 150g,7.48486E+11,25.82,Argentina,Packed Meat
14230,Argentina Corned Chicken Spicy Can - 100g,7.48486E+11,17.45,Argentina,Packed Meat
14236,Argentina Corned Chicken Can - 100g,7.48486E+11,17.33,Argentina,Packed Meat
14240,Alfonso I Brandy Light Bottle - 1L,8.41003E+12,261.88,Alfonso,Alcohol
15278,Emperador Brandy Double Light Bottle - 1L,4.80014E+12,129.02,Emperador,Alcohol
15284,Emperador Brandy Double Light Bottle - 750ml,4.80014E+12,97.88,Emperador,Alcohol
15290,Rexona Deo-Lotion Ice Cool Tie - 3x3ml,4.80089E+12,18.57,Rexona,Bath and Body Care
15297,Rexona Deo-Lotion Passion Tie - 3x3ml,4.80089E+12,18.3,Rexona,Bath and Body Care
15309,Alfonso I Brandy Light - 12 x 1L,8.41003E+12,3164.11,Alfonso,Alcohol
15316,CDO Karne Norte Can - 48 x 100g,1.48002E+13,816.59,CDO,Packed Meat
15323,Nescafe Coffee Classic Sachet - 60x25g,4.80036E+12,1123.63,Nescafe,Coffee
15347,Emperador Brandy Double Light 750ml x 12,1.48001E+13,1192.56,Emperador,Alcohol
15355,Emperador Brandy Double Light 1L x 12,1.48001E+13,1562.5,Emperador,Alcohol
15369,Birch Tree Fortified Choco Tie - 8x29g,7.48485E+11,56.15,Birch Tree,Milk
16407,SIP PURIFIED WATER BOTTLE - 350ML,4.80653E+12,7.53,Sip,Water
16408,SIP PURIFIED WATER BOTTLE 500ML,4.80653E+12,9.12,Sip,Water
16493,Wings Powder Solve Calamansi Tie 6x70g,8.99887E+12,26.89,Wings,Laundry Products
16495,Wings Powder Solve Floral Fresh Tie 6x70g,8.99887E+12,24.54,Wings,Laundry Products
16506,Silka Soap Orange Papaya Pack - 45g,4.80651E+12,10.76,Silka,Bath and Body Care
16510,MEGA SARDNS TS XTRA HOT 155G,4.8065E+12,18.11,Mega,Canned Seafood
16518,MEGA FRIED SARDINES HOT & SPICY 155G,4.8065E+12,28.22,Mega,Canned Seafood
16526,MEGA FRIED SARDINES TAUSI 155G,4.8065E+12,28.73,Mega,Canned Seafood
16534,Alfonso I Brandy Light Bottle - 700ml,8.41003E+12,209.02,Alfonso,Alcohol
16573,UFC Banana Catsup Pack - 48x100g - BOX,14285002796,377.28,UFC,Oil and Sauces
16586,CAL CHEESE WAFER REGULAR PACK 35G,8.996E+12,4.31,Cal Cheese,Bread and Biscuits
16587,CAL CHEESE WAFER PACK 53.5G,8.996E+12,7.89,Cal Cheese,Bread and Biscuits
16588,Fres Candy Barley Mint Pack - 50x3g,8.996E+12,28.13,Fres Candy,Candies and Chocolates
16589,Fres Candy Mint Apple Peach Pack - 50x3g,8.996E+12,27.56,Fres Candy,Candies and Chocolates
16590,ENERGEN PANDESAL MATE TIE 10x30g,8.996E+12,66.62,Energen,RTD
16615,Beng-Beng Choco Wafer Pack - 20g,8.886E+12,4.55,Beng-Beng,Bread and Biscuits
16630,Argentina Corned Beef Can - 48x150g,1.07485E+13,1474.72,Argentina,Packed Meat
16649,Silver Swan Wow Sarap All in one Seasoning 8gx12 Sachet,4.80034E+12,22.48,Silver Swan,Seasonings and Mixes
16662,Nissin Choco Wafer 12gx20s,4.80777E+12,42.44,Nissin (Biscuits),Bread and Biscuits
16670,Nissin Butter Coco Cracker Pack - 10x25g,4.80777E+12,46.27,Nissin (Biscuits),Bread and Biscuits
16678,Lucky Me Go Cup Mini La Paz Batchoy Cup - 40g,4.80777E+12,15.16,Lucky Me,Rice and Noodles
16688,Lucky Me Go Cup Mini Bulalo - 40g,4.80777E+12,15.2,Lucky Me,Rice and Noodles
16701,Lucky Me Go Cup Mini Spicy Bulalo - 40g,4.80777E+12,15.73,Lucky Me,Rice and Noodles
16709,Lucky Me Go Cup Mini Spicy Batchoy - 40g,4.80777E+12,15.23,Lucky Me,Rice and Noodles
16717,Dutchmill  UHT Yoghurt Drink Strawberry - 90ml,8.85172E+12,8.14,Dutchmill,RTD
16727,Dutchmill UHT Yoghurt Drink Superfruits - 90ml,8.853E+12,8.38,Dutchmill,RTD
16735,Mama Sita's Oyster Sauce Sachet - 30gx12s,4.80489E+12,57.79,Mama Sita's,Condiments and Spices
16743,Bingo Double Choco Singles 28g X 10s,4.80777E+12,47.15,Bingo,Bread and Biscuits
16751,Lucky Me La Paz Batchoy Pouch 55g,4.80777E+12,10.01,Lucky Me,Rice and Noodles
16759,Monde Special Mamon Mini Classic 23gX8s,4.80777E+12,49.57,Monde,Bread and Biscuits
16767,Eggnog Cookies 18g X 10s,4.80777E+12,46.72,Nissin (Biscuits),Bread and Biscuits
16775,Nissin Bread Stix Pack 20gx10s,4.80777E+12,46.29,Nissin (Biscuits),Bread and Biscuits
16779,Nissin King Wafer Choco - 22gx10s,4.80777E+12,46.5,Nissin (Biscuits),Bread and Biscuits
16786,Nissin King Wafer Peanut Butter 22gX10s,4.80777E+12,45.84,Nissin (Biscuits),Bread and Biscuits
16794,Nissin King Wafer Cheese 22gX10s,4.80777E+12,45.88,Nissin (Biscuits),Bread and Biscuits
16807,Nissin Wafer Double Choco 55g,4.80777E+12,8.85,Nissin (Biscuits),Bread and Biscuits
16815,Nissin Wafer Peanut Butter 50g,4.80777E+12,8.81,Nissin (Biscuits),Bread and Biscuits
16823,Nissin Wafer Cheese 50g,4.80777E+12,8.93,Nissin (Biscuits),Bread and Biscuits
16857,Champion Todo Tipid Bar and Powder Pack Box - 48x145 + 40g,1.48065E+13,511.74,Champion,Laundry Products
16867,Lucky Me Bulalo Pouch 55g,4.80777E+12,10.36,Lucky Me,Rice and Noodles
16878,CENTURY TUNA FLAKES HOT & SPICY 155G x50cans,1.07485E+13,1478.37,Century,Canned Seafood
16886,CENTURY TUNA FLAKES HOT & SPICY 180GX48cans,1.07485E+13,1735.78,Century,Canned Seafood
16894,CENTURY TUNA FLAKES IN OIL 48X180G BOX,1.07485E+13,1736.36,Century,Canned Seafood
16902,CENTURY TUNA FLAKES IN OIL 50X155G BOX,1.07485E+13,1478.3,Century,Canned Seafood
16910,CENTURY TUNA FLAKES IN OIL 50X125G BOX,1.07485E+13,1240.69,Century,Canned Seafood
17954,555 Tuna Adobo - 50x155g Box,1.07485E+13,1135.58,555,Canned Seafood
17962,555 Tuna Mechado - 50x155g Box,1.07485E+13,1158.81,555,Canned Seafood
17969,555 Tuna Hot and Spicy - 50x155g Box,1.07485E+13,1268.8,555,Canned Seafood
17980,555 Tuna Caldereta - 50x155g Box,1.07485E+13,1136.08,555,Canned Seafood
17985,555 Tuna Afritada - 50x155g Box,1.07485E+13,1135.98,555,Canned Seafood
18000,TIGER BEER BLACK STRONG 500ML CAN,4.80603E+12,47.62,Tiger Beer,Alcohol
18008,TIGER BEER BLACK STRONG 24x500ml - BOX,1.4806E+13,1171.92,Tiger Beer,Alcohol
18016,TIGER BEER CRYSTAL 330ML BOTTLE,86428260332,34.24,Tiger Beer,Alcohol
18024,TIGER BEER CYSTAL LIGHT 24x330ml Box,86428210337,853.21,Tiger Beer,Alcohol
18037,Piattos Roadhouse BBQ 80x40g - BOX,1.48E+13,882.25,Piattos,Chips
18045,Jack n Jill Potato Chips Vcut Spicy Barbeque - 25gx80s - BOX,1.48E+13,882.62,Potato Chips,Chips
18053,Piattos Sourcream and Onion - 80x40g - BOX,1.48E+13,882.37,Piattos,Chips
18061,Nova Country Cheddar 80x40g - BOX,1.48E+13,882.97,Nova,Chips
18069,Piattos Cheese 80x40g - BOX,1.48E+13,882.73,Piattos,Chips
18078,Chicharon ni Mang Juan Espesyal Sukang Paomboong Box- 26g x 80,1.48E+13,426.74,Mang Juan,Chips
18086,Chicharon ni Mang Juan Chicharon Espesyal Suka't Sili Box - 26g x 80,1.48E+13,426.53,Mang Juan,Chips
18094,Jack n' Jill Chik'N Skin ni Mang Juan Box - 17g x 100,1.48E+13,533.43,Mang Juan,Chips
18102,Alaska Evaporada Can - 48x140ml,1.48006E+13,524.77,Alaska,Milk
18108,Clover Chips Cheese-22g x100 - BOX,1.48002E+13,573.55,Clover Chips,Chips
18117,Mr. Chips Cheese Snack Box 26g x 100,1.48E+13,433.03,Mr. Chips,Chips
18125,Jack N Jill Potato Chips Vcut Cheese-25gx80s - BOX,1.48E+13,882.52,Potato Chips,Chips
18134,Jack N Jill Chicharron Mang Juan Paombong - 90gx18s - BOX,1.48E+13,283.81,Mang Juan,Chips
18143,Jack N Jill Chicharron Mang Juan Suka't Sili - 90gx18s - BOX,1.48E+13,284.26,Mang Juan,Chips
18152,Cheese Ring Snack - 20gx30s - BOX,1.07295E+13,191.8,Cheese Ring,Chips
18161,Oishi Crispy Patata - 24gx100s - BOX,1.48002E+13,518.62,Oishi,Chips
18170,Oishi Marty's Spicy - 22gx100s - BOX,1.48002E+13,518.2,Oishi,Chips
18179,Oishi Marty's Salt and Vinegar - 22gx100s - BOX,1.48002E+13,518.14,Oishi,Chips
18188,Oishi Marty's Plain Salted - 22gx100s - BOX,1.48002E+13,518.1,Oishi,Chips
18197,Chippy BBQ Box - 27g x 100,1.48E+13,533.06,Chippy,Chips
18205,UFC Banana Catsup Bottle - 24x320g - BOX,1.00143E+13,523.62,UFC,Oil and Sauces
18226,Piattos Cheese - 85GX50 - BOX,1.48E+13,1238.91,Piattos,Chips
18234,Piattos Sour Cream Onion - 85GX50s - BOX,1.48E+13,1238.5,Piattos,Chips
18242,Jack n' Jill Potato Chips Vcut Spicy Barbeque - 60GX50s - BOX,1.48E+13,1303.77,Potato Chips,Chips
18250,Cheese Ring Snack - 60Gx25s - BOX,1.48017E+13,348.36,Regent,Chips
18258,Cheez It 25G X100s - BOX,1.48005E+13,533.5,Cheez It,Chips
18266,Clover Chips Cheese - 55gx40 - BOX,1.48002E+13,662.39,Clover Chips,Chips
18270,Fortune Red Ream 10x20 sticks,4.80018E+12,1086.46,Fortune,Cigarettes
18279,Hany Milk Choco Sp Milk 260gx20packs,1.48049E+13,723.11,Hany,Candies and Chocolates
18288,Saba Mackerel in Natural Oil - 155gx100 - Box,1.00968E+13,2728.18,Saba,Canned Seafood
18296,MEGA SARDINES TOMATO SAUCE XTRA HOT155GX100,1.48065E+13,2003.59,Mega,Canned Seafood
18305,MEGA FRIED SARDINES HS 155GX100,4.8065E+12,2978.41,Mega,Canned Seafood
18314,MEGA FRIED SARDINES TAUSI 155GX100,4.8065E+12,2978.28,Mega,Canned Seafood
18323,San Marino Tuna Corned - 100gx48 - BOX,1.48002E+13,1169.36,San Marino,Canned Seafood
18332,San Marino Tuna Corned - 150gx48 - BOX,1.48002E+13,1534.98,San Marino,Canned Seafood
18341,San Marino Tuna Corned - 85gx48 - BOX,1.48002E+13,1102.42,San Marino,Canned Seafood
18350,San Marino Tuna Corned Chili - 100gx48 - BOX,1.48002E+13,1181.36,San Marino,Canned Seafood
18359,San Marino Tuna Corned Chili - 150gx48 - BOX,1.48002E+13,1534.55,San Marino,Canned Seafood
18371,Tang Juice Powder Orange Case - 25g x 144,7.6223E+12,2403.04,Tang,Powdered Drink
18373,Surf Detergent Powder Cherry Blossom - 65GX6X48 - Box,2.48009E+13,1411.35,Surf,Laundry Products
18382,Surf Detergent Powder Kalamansi - 57GX6X48 - Box,2.48009E+13,1410.86,Surf,Laundry Products
18395,Tang Juice Powder Pineapple Case -25g x 144,7.6223E+12,2403.41,Tang,Powdered Drink
18404,Tang Juice Powder Grape Case - 25g x 144 ,7.6223E+12,2403.71,Tang,Powdered Drink
18412,Nova Country Cheddar Case - 78g x 50,1.48E+13,1303.69,Nova,Chips
18421,Del Monte Juice Pine with Fiber Case - 240ml x 24,1.48E+13,617.93,Del Monte,RTD
18431,Tang Juice Powder Mango Case -25g x 144,7.6223E+12,2403.36,Tang,Powdered Drink
18439,Payless Pancit Canton Kalamansi Case 130g x 48,1.48E+13,685.04,Payless,Rice and Noodles
18448,Payless Pancit Canton Chilimansi Case - 130g x 48 ,1.48E+13,684.92,Payless,Rice and Noodles
18457,Payless Pancit Canton Hotchili Case 130g x 48,1.48E+13,685.07,Payless,Rice and Noodles
18466,Nestea Iced Tea Powder Lemon Case -25g x 144,4.80036E+12,2451.57,Nestea,Powdered Drink
18475,Nestea Iced Tea Powder Apple Case -25g x 144,4.80036E+12,2451.67,Nestea,Powdered Drink
18485,Tang Juice Powder Dalandan Case - 25g x 144,1.76223E+13,2402.81,Tang,Powdered Drink
18494,Tang Juice Powder Calamansi Case- 25g x 144,1.76223E+13,2403.25,Tang,Powdered Drink
18503,Tang Juice Powder Pomelo Case -25g x 144,1.76222E+13,2403.03,Tang,Powdered Drink
18510,Surf Detergent Powder Rose Fresh - 57GX6X48 - Box,2.48009E+13,1411.59,Surf,Laundry Products
18519,Surf Detergent Powder Sun Fresh - 57GX6X48 - Box,2.48009E+13,1411.07,Surf,Laundry Products
18528,Surf Detergent Powder Tawas - 57GX6X48 - Box,2.48009E+13,1411.76,Surf,Laundry Products
18537,Calla Powder Rose Grdn 100gx6x20,1.48065E+13,1208,Calla,Laundry Products
18546,Calla Pwd Fabcon 100gx6x20,1.48065E+13,1207.11,Calla,Laundry Products
18555,Calla Pwdr Flrl Frsh 400gx24,1.48065E+13,921.34,Calla,Laundry Products
18564,Nestle Chuckie Bulilit-110mlx60 - Box,4.80036E+12,715.4,Chuckie,Milk
18573,Champion Detergent Regular Supra Clean-145gx96,1.48065E+13,847.95,Champion,Laundry Products
18592,Zonrox Bleach Regular Bottle - 48x250ml,1.48E+13,608.17,Zonrox,Laundry Products
18600,Zonrox Bleach Regular Bottle - 72x100ml,2.48E+13,549.61,Zonrox,Laundry Products
18609,Zonrox Bleach Regular Bottle - 24x1000ml,1.48E+13,802.5,Zonrox,Laundry Products
18618,Zonrox Bleach Regular Box - 36x500ml,2.48E+13,677.5,Zonrox,Laundry Products
18627,Zonrox Bleach Colorsafe Box - 48 x 225ml,1.48E+13,1015.34,Zonrox,Laundry Products
18636,Safeguard BS Pure White Box - 162 x 60g,4.49024E+13,2606.52,Safeguard,Bath and Body Care
18645,Safeguard Soap Floral Pink Box - 162 x 60g,2.49024E+13,2606.48,Safeguard,Bath and Body Care
18759,Alaska Fortified Powdered Milk Drink 9+3 PROMO  - 33g,4.80058E+12,59.85,Alaska,Milk
18769,Argentina Meatloaf Can in Box - 48 x 150g,1.07485E+13,855.21,Argentina,Packed Meat
18787,Head and Shoulders Shampoo Smooth and Silky 6x12ml,4.90243E+12,27.03,Head & Shoulders,Hair Care
18795,Pantene Conditioner 3Min Miracle HF Control Sachet - 6x9ml,4.90243E+12,25.95,Pantene,Hair Care
18804,PANTENE SH HF CONTROL 6x12ml,4.90243E+12,25.33,Pantene,Hair Care
18813,PANTENE SH TDC 6x12ml,4.90243E+12,24.48,Pantene,Hair Care
18822,Safeguard Soap Ivory White Pack - 60g,4.90243E+12,14.64,Safeguard,Bath and Body Care
18831,Safeguard Body Soap Lemon Pack - 60g,4.90243E+12,14.76,Safeguard,Bath and Body Care
18840,Safeguard Body Soap White - 85g,4.90243E+12,25.15,Safeguard,Bath and Body Care
18861,Tang Juice Powder Grape Ties - 25g x 12 ,7.6223E+12,199.24,Tang,Powdered Drink
18868,Tang Juice Powder Mango Ties -25g x 12,7.6223E+12,199.23,Tang,Powdered Drink
18876,Tang Juice Powder Pineapple Ties -25g x 12,7.6223E+12,199.03,Tang,Powdered Drink
18884,Tang Juice Powder Pomelo Ties -25g x 12,7.62221E+12,199.07,Tang,Powdered Drink
18892,Tang Juice Powder Calamansi Ties -25g x 12,7.6223E+12,198.85,Tang,Powdered Drink
18900,Tang Juice Powder Dalandan Ties -25g x 12,7.6223E+12,198.64,Tang,Powdered Drink
18908,Nestea Iced Tea Powder Apple Ties -25g x 12,4.80036E+12,203.25,Nestea,Powdered Drink
18916,Nestea Iced Tea Powder Lemon Ties -25g x 12,4.80036E+12,202.94,Nestea,Powdered Drink
18924,Nescafe Blend and Brew Original Ties - 10x28g,4.80036E+12,54.64,Nescafe,Coffee
18932,Nescafe Original Twinpack Ties - 10 x 48g,4.80036E+12,97.1,Nescafe,Coffee
18941,Tang Juice Powder Orange Ties - 25g x 12 ,7.6223E+12,198.46,Tang,Powdered Drink
18948,Nestea Iced Tea Powder Honey Blend Ties -25g x 12,4.80036E+12,202.41,Nestea,Powdered Drink
18958,Gilette Rubie II Razor 1S,4.90243E+12,17.36,Gillette,Bath and Body Care
18966,Oral B Shiny Clean Toothbrush 1S,4.90243E+12,11.62,Oral-B,Oral Care
18975,Ariel Liquid Sunrise Fresh 6x64g,4.90243E+12,59.53,Ariel,Laundry Products
18984,Ariel Powder Golden Bloom 6x66g,4.90243E+12,60.18,Ariel,Laundry Products
18993,Tide Powder Garden Bloom 6x74g,4.90243E+12,57.5,Tide,Laundry Products
19002,Tide Powder Perfect Clean Perfume Fantasy 6x74g,4.90243E+12,58.45,Tide,Laundry Products
19011,Tide Powder Perfume Fantasy 6x74g,4.90243E+12,50.51,Tide,Laundry Products
19020,Nissin Malkist Sand Chocolate 10x24g,4.80777E+12,46.07,Nissin (Biscuits),Bread and Biscuits
19029,Lucky Me! Instant Lomi 65g,4.80777E+12,13.76,Lucky Me,Rice and Noodles
19038,Bingo Orange 10x28g,4.80777E+12,47.75,Bingo,Bread and Biscuits
19047,Monde Cheese Bar 10x23g,4.80777E+12,65.66,Monde,Bread and Biscuits
19056,Maggi Magic Sarap 14x8g,48025522,40.9,Maggi,Seasonings and Mixes
19065,Milo Active Go Energy Drink 12x24g,4.80036E+12,80.74,Milo,Milk
19075,Keratin Plus Gold 6x20g,4.80652E+12,33.42,Keratin Plus,Hair Care
19083,Keratin Plus Hair Treatment 6x20g,4.80652E+12,28.73,Keratin Plus,Hair Care
19092,Alcoplus Isopropyl Alcohol 150ml - 1S,4.80652E+12,28.97,Alcoplus,Bath and Body Care
19101,Alcoplus Ethyl Alcohol 150ml - 1S,4.80652E+12,27.98,Alcoplus,Bath and Body Care
19110,Alcoplus Ethyl Alcohol 60ml - 1S,4.80652E+12,15.49,Alcoplus,Bath and Body Care
19119,Alcoplus Isopropyl Alcohol 60ml - 1S,4.80652E+12,16.42,Alcoplus,Bath and Body Care
19128,Tisyu Coreless Tissue 2 Rolls - 1S,4.8065E+12,8.24,Tisyu,Bath and Body Care
19137,Femme Tissues 12 rolls - 1S,4.8065E+12,88.92,Femme,Bath and Body Care
19146,Femme Interfolded Paper Towel - 1S,4.8065E+12,38.87,Femme,Bath and Body Care
19156,Monde Mamon Classic Saver Pack 12x40g,4.80777E+12,144.11,Monde,Bread and Biscuits
19176,GSM Blue Mojito 700ml,4.80013E+12,91.8,GSM Blue,Alcohol
19197,Nature's Spring Purified Water 350ml,4.80005E+12,6.4,Nature's Spring,Water
19205,Nature's Spring Purified Water 500ml,4.80005E+12,8.54,Nature's Spring,Water
19214,Nature's Spring Purified Water 1L,4.80005E+12,13.43,Nature's Spring,Water
19223,Nature's Spring Purified Water 6L,4.80005E+12,57.66,Nature's Spring,Water
19232,Nature's Spring Purified Water 10L,4.80005E+12,74.42,Nature's Spring,Water
19241,Nature's Spring Distilled Water 6L,4.80005E+12,66.21,Nature's Spring,Water
19250,Nature's Spring Distilled Water 10L,4.80005E+12,83.16,Nature's Spring,Water
19257,Ajinomoto Crispy Fry Original in Box - 182 x 62g,1.4802E+13,2391.46,Ajinomoto,Seasonings and Mixes
19265,Ajinomoto Crispy Fry Original in Box - 168 x 30g,1.4802E+13,1434.72,Ajinomoto,Seasonings and Mixes
20295,Alaska Fortified Powdered Milk Drink 10+2 PROMO  - 33g,4.80058E+12,75.91,Alaska,Milk
20323,Marlboro Lights Fliptop Ream - 10x20 sticks Promo,7.6239E+12,1181.61,Marlboro,Cigarettes
20333,Fortune Extra Menthol Fliptop Long Ream - 10x20 sticks Promo,4.80018E+12,1086.71,Fortune,Cigarettes
20343,Marlboro Ice Blast Filter Ream - 10x20 sticks Promo,4.8065E+12,1181.72,Marlboro,Cigarettes
20353,Fortune Lights Tribal Blue Label Ream - 10x20 sticks Promo,4.8065E+12,1086.48,Fortune,Cigarettes
20363,Marlboro Black Menthol Fliptop Ream - 10x20 sticks Promo,4.8065E+12,1181.22,Marlboro,Cigarettes
20373,Fortune Mint Splash Ream - 10x20 sticks Promo,4.8065E+12,1086.68,Fortune,Cigarettes
20383,Tiger Energy Vanilla - 25g,7.6223E+12,47.65,Tiger,Bread and Biscuits
20393,Tiger Energy Chocolate - 21g,7.6223E+12,47.6,Tiger,Bread and Biscuits
20403,Cheez Whiz Easy Squeeze - 210g,7.62221E+12,66.84,Cheez Whiz,Spreads and Dressings
20413,Oreo Vanilla - 28.5g,4.89305E+12,60.87,Oreo,Bread and Biscuits
20423,Oreo Chocolate - 28.5g,4.89264E+12,61.61,Oreo,Bread and Biscuits
20433,Cheez Whiz Plain Twinpack - 25g,7.62221E+12,8.49,Cheez Whiz,Spreads and Dressings
20443,Cadbury Shots - 18g,8.90123E+12,6.18,Cadbury,Candies and Chocolates
20453,Tigers Crackers Plain  - 25g,7.62221E+12,44.27,Tiger,Bread and Biscuits
20463,Tiger Crackers Ensaymada - 25g,7.62221E+12,44.18,Tiger,Bread and Biscuits
20473,Tiger Crackers Leche Flan - 25g,7.62221E+12,43.62,Tiger,Bread and Biscuits
20479,Emperador Lime Light 750ml,4.80014E+12,118.38,Emperador,Alcohol
20485,Cobra Energy Defense 350ml,4.80061E+12,18.56,Cobra,RTD
20495,Cobra Energy Drink 350ml,4.80061E+12,17.12,Cobra,RTD
20505,Silka Body Soap Green 65g,4.80651E+12,15.44,Silka,Bath and Body Care
20515,Chocomani Bulilit Bars 20x7g,4.80024E+12,14.51,Choco Mani,Candies and Chocolates
20525,The Bar Pink Grape Fruity Mix 700ml,4.80014E+12,84.2,The Bar,Alcohol
20535,The Bar Green Grape Fruity Mix 700ml,4.80014E+12,84.68,The Bar,Alcohol
20545,Primera Light Brandy 750ml,4.80013E+12,85.81,Primera,Alcohol
20612,Closeup Green Twinpack- 20g,4.80089E+12,35.9,Close Up,Oral Care
20622,Clear Shampoo Cool Sport Menthol - 12ml,4.80089E+12,28.9,Clear,Hair Care
20632,Rexona Deolotion Powder Dry - 3ml,4.80089E+12,18.6,Rexona,Bath and Body Care
20642,Ponds Facial Moisturizer Pink - 6g,4.80089E+12,9.2,Pond's,Bath and Body Care
20652,Sunsilk Damage Reconstruction - 13ml,4.80089E+12,23.75,Sunsilk,Hair Care
20662,Creamsilk Tri-Keratin Straight - 10ml,4.80089E+12,30.21,Cream Silk,Hair Care
20672,Creamsilk Tri-Keratin Shine - 10ml,4.80089E+12,29.28,Cream Silk,Hair Care
20682,Knorr Shrimp Cubes - 10g,4.00001E+12,53.48,Knorr,Seasonings and Mixes
20692,Gatorade Blue Bolt Bottle - 500ml,4.80393E+12,35.93,Gatorade,Sports Drinks
20702,Nestle All Purpose Cream Tetra Pack - 125ml,4.80036E+12,32.19,Nestle,Spreads and Dressings
20712,Ginebra Frasquito Bottle - 350ml,4.80013E+12,48,Ginebra,Alcohol
21435,Surf Bar Cherry Blossom - 360g,4.80089E+12,21.03,Surf,Laundry Products
21445,Surf Powder Pearl Blossoms - 6x65g,4.80089E+12,27.51,Surf,Laundry Products
21465,Calla Powder Rose Garden - 6x45g,4.8065E+12,26.63,Calla,Laundry Products
21475,Calla Powder Summer Fresh - 6x45g,4.8065E+12,27.15,Calla,Laundry Products
21485,Champion Powder Fabcon - 6x40g,4.8065E+12,27.71,Champion,Laundry Products
21495,Champion Powder Citrus Fresh - 6x40g,4.8065E+12,27.44,Champion,Laundry Products
21505,Champion Powder Sunny Fresh - 6x40g,4.8065E+12,27.34,Champion,Laundry Products
21515,Champion Powder Supra Clean Promo 6+1 - 7x40g,4.8065E+12,27.63,Champion,Laundry Products
21525,Calla Powder Floral Fresh Promo 6+1 - 7x45g,4.8065E+12,27.07,Calla,Laundry Products
21532,Lifebuoy Body Soap Total - 75g,4.80089E+12,14.52,Lifebuoy,Bath and Body Care
